landa;clean water;T_0;T_1;T_2;T_3;T_4;T_5;T_6;T_7;T_8;T_9;T_10;T_11;T_12;T_13;T_14;T_15;T_16;T_17;T_18;T_19;T_20;T_21;T_22;T_23;T_24;T_25;T_26;T_27;T_28;T_29;T_30;T_31;T_32;T_33;T_34;T_35
NA;NA;0.499978;1.425635;2.4575;3.468868;4.497568;5.498333;6.481481;7.4884;8.492727;9.4765;10.474444;11.48125;12.469333;13.498;14.517143;15.524667;16.497857;17.496429;18.496923;19.490667;20.505333;21.507059;22.495;23.491;24.503889;25.497368;26.47875;27.52;28.503;29.505263;30.494444;31.481765;32.477778;33.475;34.474444;35
400.1;-1.1268;0.052965;0.048005;0.046256;0.041819;0.039334;0.034837;0.034035;0.031597;0.029481;0.030482;0.025285;0.024450;0.023601;0.021663;0.021395;0.017044;0.013205;0.013572;0.010680;0.007009;0.005469;0.007985;0.005956;0.003537;-0.000992;0.000000;-0.002622;-0.007185;-0.008030;-0.009728;-0.010664;-0.015504;-0.015260;-0.017509;-0.018879;-0.015444
403.9;-0.9678;0.041854;0.038881;0.035945;0.032766;0.031268;0.029253;0.030192;0.025581;0.023675;0.023615;0.020477;0.018362;0.019255;0.017961;0.015388;0.010720;0.010038;0.010408;0.009358;0.006819;0.004667;0.004949;0.006083;0.003148;0.000605;0.000000;-0.001946;-0.003158;-0.005274;-0.006489;-0.009055;-0.011429;-0.012360;-0.013542;-0.014128;-0.012882
407.5;-0.8292;0.034078;0.031256;0.028325;0.026133;0.026137;0.022689;0.022044;0.020051;0.019408;0.017695;0.014073;0.014811;0.013118;0.012208;0.011885;0.010523;0.008271;0.008541;0.005932;0.005624;0.001997;0.002890;0.003003;0.001642;-0.001004;0.000000;-0.002337;-0.004017;-0.004659;-0.006625;-0.008052;-0.010122;-0.011204;-0.012685;-0.012769;-0.015651
411;-0.7019;0.029135;0.025679;0.024758;0.022231;0.020002;0.018526;0.018667;0.017198;0.015616;0.016644;0.013134;0.012896;0.012527;0.011565;0.010872;0.008194;0.006303;0.006774;0.006480;0.003731;0.002556;0.003383;0.003826;0.001920;-0.000236;0.000000;-0.002229;-0.003582;-0.003824;-0.005800;-0.005967;-0.008390;-0.008767;-0.009385;-0.010046;-0.010317
414.6;-0.5845;0.023877;0.021635;0.019375;0.017044;0.016741;0.015431;0.015219;0.012755;0.011822;0.011216;0.010388;0.010172;0.008784;0.008174;0.007562;0.005372;0.005094;0.005179;0.003737;0.003304;0.002271;0.001434;0.001991;0.001425;-0.001728;0.000000;-0.001902;-0.002590;-0.004265;-0.004844;-0.006939;-0.007243;-0.008242;-0.009252;-0.008914;-0.013503
418.5;-0.4763;0.020683;0.018390;0.017446;0.016726;0.015047;0.013684;0.012725;0.011814;0.011384;0.011539;0.008889;0.008560;0.007781;0.007765;0.007022;0.005685;0.004716;0.004634;0.003682;0.003638;0.001724;0.002750;0.002534;0.001348;-0.000150;0.000000;-0.001188;-0.002377;-0.003046;-0.004038;-0.004308;-0.005668;-0.005901;-0.006664;-0.006637;-0.009135
422.8;-0.3806;0.017494;0.016477;0.015618;0.013613;0.012474;0.011789;0.011699;0.010821;0.009253;0.009831;0.007791;0.007884;0.008088;0.005895;0.005624;0.004337;0.003972;0.004315;0.003893;0.002426;0.002141;0.002121;0.001764;0.001378;0.000108;0.000000;-0.001301;-0.002445;-0.002123;-0.003656;-0.003974;-0.004500;-0.005336;-0.005834;-0.005614;-0.007976
427;-0.2889;0.013450;0.012379;0.011564;0.010675;0.010521;0.009810;0.009456;0.008097;0.007712;0.007611;0.005801;0.005892;0.005342;0.005380;0.004433;0.003426;0.003121;0.003218;0.002203;0.002773;0.001224;0.001248;0.000939;0.001145;-0.000441;0.000000;-0.001292;-0.001647;-0.002844;-0.002512;-0.003887;-0.004701;-0.004561;-0.004911;-0.004706;-0.006914
431.3;-0.204;0.011668;0.010403;0.010339;0.009722;0.008976;0.007884;0.007140;0.007134;0.007114;0.007357;0.005646;0.004865;0.005562;0.004613;0.004420;0.003740;0.003319;0.003195;0.002327;0.002349;0.001368;0.001687;0.001441;0.001232;0.000355;0.000000;-0.000738;-0.002042;-0.001879;-0.002123;-0.002287;-0.003121;-0.003176;-0.003750;-0.003408;-0.003201
434.8;-0.1249;0.009743;0.009214;0.008712;0.007534;0.006744;0.006554;0.007202;0.006271;0.005522;0.005905;0.004655;0.004686;0.004416;0.003910;0.003531;0.002232;0.002523;0.002263;0.002404;0.001889;0.001555;0.001999;0.001632;0.000928;0.000175;0.000000;-0.000378;-0.001140;-0.001360;-0.002078;-0.002251;-0.002805;-0.002259;-0.002831;-0.002381;-0.004094
438.7;-0.0617;0.007727;0.006892;0.006359;0.006287;0.006338;0.005851;0.005276;0.004410;0.004736;0.004275;0.003906;0.003855;0.003399;0.003038;0.003065;0.002455;0.002412;0.002200;0.001336;0.002036;0.001028;0.000976;0.000978;0.000979;0.000086;0.000000;-0.000682;-0.000684;-0.001216;-0.001187;-0.001805;-0.002512;-0.002177;-0.002158;-0.002406;-0.003687
443.3;0.0129;0.006814;0.005964;0.005857;0.005331;0.004372;0.003809;0.003907;0.004086;0.004055;0.004272;0.003264;0.003795;0.003149;0.002985;0.002641;0.002066;0.001719;0.001583;0.001747;0.001474;0.001230;0.001622;0.001598;0.000527;0.000153;0.000000;-0.000328;-0.001391;-0.001115;-0.001607;-0.001408;-0.001760;-0.001762;-0.002134;-0.001269;0.000224
447.9;0.0757;0.005298;0.004898;0.004341;0.003735;0.003264;0.003394;0.003634;0.003167;0.002773;0.003217;0.002854;0.002731;0.002229;0.001718;0.001803;0.001083;0.001436;0.001314;0.001133;0.001174;0.000923;0.001013;0.001105;0.000633;0.000153;0.000000;-0.000489;-0.000814;-0.001048;-0.001287;-0.001270;-0.001703;-0.001722;-0.001590;-0.001271;-0.003188
452.5;0.1326;0.004447;0.003648;0.003380;0.003385;0.003278;0.002736;0.002636;0.002135;0.002514;0.002423;0.002017;0.002112;0.001923;0.001817;0.001645;0.001833;0.001673;0.001297;0.000957;0.001468;0.000792;0.000931;0.001087;0.000848;0.000001;0.000000;-0.000583;-0.000605;-0.000740;-0.000906;-0.001252;-0.001468;-0.001474;-0.001308;-0.001027;-0.000389
456.8;0.1859;0.003918;0.003366;0.003258;0.002642;0.001849;0.001864;0.001884;0.002344;0.002006;0.002421;0.001971;0.002287;0.002051;0.001439;0.001540;0.001178;0.001007;0.001067;0.001447;0.001388;0.000905;0.000880;0.001158;0.000605;0.000215;0.000000;-0.000143;-0.000771;-0.000847;-0.001023;-0.000858;-0.000976;-0.000961;-0.001061;-0.000756;-0.000819
461;0.2312;0.002409;0.001954;0.001592;0.001222;0.001021;0.001412;0.001497;0.001047;0.001134;0.001226;0.001172;0.001147;0.000690;0.000622;0.000650;0.000634;0.000976;0.000618;0.000702;0.000765;0.000676;0.000461;0.000595;0.000540;0.000072;0.000000;-0.000471;-0.000547;-0.000910;-0.000981;-0.001039;-0.001240;-0.000957;-0.001168;-0.000857;-0.000953
465.4;0.2766;0.002030;0.001323;0.001310;0.001280;0.001009;0.000371;0.000478;0.000588;0.000997;0.001126;0.000807;0.001034;0.000862;0.000832;0.000647;0.001460;0.001068;0.000759;0.000460;0.001258;0.000465;0.000755;0.000500;0.000516;0.000094;0.000000;-0.000365;-0.000717;-0.000792;-0.000908;-0.000679;-0.000998;-0.000901;-0.000838;-0.000464;0.000446
469.8;0.32;0.001689;0.001296;0.001121;0.000530;-0.000199;0.000252;0.000636;0.000633;0.000467;0.001039;0.000896;0.001024;0.000782;0.000353;0.000617;0.000626;0.000154;0.000677;0.000744;0.000524;0.000587;0.000654;0.000304;0.000469;0.000199;0.000000;-0.000398;-0.000763;-0.000614;-0.000896;-0.000832;-0.000884;-0.000594;-0.000684;-0.000367;-0.000550
474.3;0.3584;0.000388;-0.000054;-0.000334;-0.000278;-0.000236;-0.000130;-0.000142;-0.000262;-0.000127;-0.000028;0.000036;0.000084;0.000008;0.000134;0.000006;0.000172;0.000265;0.000178;0.000084;0.000521;0.000320;0.000080;-0.000134;0.000142;-0.000115;0.000000;-0.000443;-0.000294;-0.000614;-0.000733;-0.000693;-0.000910;-0.000393;-0.000654;-0.000510;-0.000793
479.4;0.3994;0.000534;-0.000039;0.000090;0.000017;-0.000529;-0.000870;-0.000687;-0.000375;0.000126;0.000321;0.000060;0.000060;0.000270;0.000168;0.000571;0.000674;0.000466;0.000340;0.000357;0.000685;0.000391;0.000538;0.000209;0.000440;0.000186;0.000000;-0.000309;-0.000661;-0.000456;-0.000664;-0.000375;-0.000527;-0.000434;-0.000264;0.000013;0.000224
483.8;0.4328;-0.000107;-0.000294;-0.000559;-0.001001;-0.001439;-0.000956;-0.000556;-0.000617;-0.000636;-0.000207;-0.000265;-0.000022;-0.000021;0.000004;-0.000218;-0.000209;-0.000292;0.000047;0.000283;0.000026;0.000313;0.000319;0.000210;0.000255;-0.000049;0.000000;-0.000371;-0.000489;-0.000650;-0.000692;-0.000544;-0.000519;-0.000164;-0.000261;0.000033;-0.000281
488.1;0.4626;-0.000495;-0.000967;-0.001112;-0.001091;-0.001134;-0.001248;-0.001152;-0.001206;-0.000766;-0.000813;-0.000504;-0.000465;-0.000492;-0.000309;-0.000221;0.000060;0.000169;-0.000084;-0.000276;0.000428;0.000090;0.000037;0.000086;0.000213;0.000039;0.000000;-0.000238;-0.000272;-0.000328;-0.000359;-0.000397;-0.000566;-0.000164;-0.000047;0.000086;-0.000096
492.7;0.4955;-0.000220;-0.000706;-0.000704;-0.001046;-0.001631;-0.001645;-0.001399;-0.000966;-0.000855;-0.000297;-0.000410;-0.000287;-0.000034;-0.000122;0.000049;0.000230;-0.000040;-0.000002;0.000175;0.000280;0.000192;0.000368;0.000424;0.000263;0.000040;0.000000;-0.000143;-0.000499;-0.000390;-0.000404;-0.000074;-0.000077;0.000039;0.000152;0.000460;0.000813
497;0.5235;-0.001263;-0.001501;-0.001767;-0.002059;-0.002202;-0.001837;-0.001529;-0.001487;-0.001407;-0.001083;-0.000996;-0.000708;-0.000671;-0.000573;-0.000593;-0.000606;-0.000456;-0.000256;-0.000123;-0.000193;-0.000044;-0.000153;0.000105;0.000065;-0.000005;0.000000;-0.000414;-0.000243;-0.000233;-0.000414;-0.000246;-0.000257;0.000043;0.000125;0.000440;-0.000283
501.4;0.5467;-0.001592;-0.002055;-0.002024;-0.002018;-0.002161;-0.002413;-0.002224;-0.002032;-0.001633;-0.001417;-0.001231;-0.001071;-0.000897;-0.000618;-0.000424;-0.000146;-0.000163;-0.000305;-0.000454;0.000166;-0.000307;-0.000061;-0.000222;0.000126;-0.000107;0.000000;-0.000298;-0.000284;-0.000222;-0.000160;-0.000198;-0.000206;0.000123;0.000192;0.000463;0.000623
505.9;0.5716;-0.001744;-0.002055;-0.002052;-0.002373;-0.002935;-0.002592;-0.002240;-0.001855;-0.001717;-0.001216;-0.001221;-0.000915;-0.000662;-0.000819;-0.000620;-0.000517;-0.000612;-0.000444;-0.000103;-0.000250;-0.000048;-0.000049;-0.000034;0.000076;-0.000109;0.000000;-0.000222;-0.000424;-0.000221;-0.000356;0.000043;-0.000049;0.000189;0.000316;0.000599;0.000403
510.7;0.5917;-0.002415;-0.002688;-0.002847;-0.002936;-0.003007;-0.002721;-0.002413;-0.002397;-0.002184;-0.001821;-0.001538;-0.001247;-0.001261;-0.000996;-0.000817;-0.000779;-0.000630;-0.000522;-0.000414;-0.000216;-0.000264;-0.000387;-0.000231;-0.000069;-0.000103;0.000000;-0.000308;-0.000134;-0.000125;-0.000099;-0.000123;0.000003;0.000243;0.000372;0.000629;0.000193
515.4;0.6088;-0.002586;-0.002962;-0.002830;-0.002807;-0.003089;-0.003146;-0.002894;-0.002526;-0.002021;-0.001648;-0.001586;-0.001471;-0.001104;-0.001021;-0.000794;-0.000361;-0.000408;-0.000366;-0.000432;-0.000068;-0.000328;-0.000166;-0.000331;0.000090;-0.000020;0.000000;-0.000162;-0.000231;-0.000106;-0.000017;0.000275;0.000109;0.000358;0.000508;0.000833;0.000939
520.3;0.6281;-0.002523;-0.002759;-0.002875;-0.003216;-0.003639;-0.003119;-0.002708;-0.002443;-0.002316;-0.001652;-0.001668;-0.001324;-0.001159;-0.001094;-0.000872;-0.000867;-0.000877;-0.000529;-0.000196;-0.000400;-0.000220;-0.000182;-0.000228;-0.000060;-0.000172;0.000000;-0.000160;-0.000162;-0.000022;-0.000150;0.000109;0.000217;0.000382;0.000485;0.000816;0.000809
524.6;0.6467;-0.002964;-0.003296;-0.003398;-0.003376;-0.003328;-0.003263;-0.002979;-0.002915;-0.002476;-0.002118;-0.001861;-0.001647;-0.001362;-0.001216;-0.001027;-0.000770;-0.000639;-0.000582;-0.000622;-0.000309;-0.000494;-0.000452;-0.000424;-0.000176;-0.000118;0.000000;-0.000213;-0.000018;0.000031;0.000063;0.000180;0.000155;0.000503;0.000635;0.000761;0.000636
528.9;0.6618;-0.002945;-0.003314;-0.003234;-0.003325;-0.003776;-0.003699;-0.003328;-0.002903;-0.002382;-0.001843;-0.001760;-0.001570;-0.001132;-0.000995;-0.000824;-0.000532;-0.000667;-0.000532;-0.000306;-0.000279;-0.000341;-0.000227;-0.000232;-0.000046;-0.000164;0.000000;-0.000015;-0.000121;0.000099;0.000026;0.000339;0.000317;0.000578;0.000655;0.000996;0.001568
533.2;0.6777;-0.003422;-0.003543;-0.003722;-0.003961;-0.004134;-0.003586;-0.003169;-0.003067;-0.002834;-0.002140;-0.002017;-0.001649;-0.001451;-0.001231;-0.001139;-0.001056;-0.001141;-0.000616;-0.000619;-0.000771;-0.000546;-0.000521;-0.000351;-0.000301;-0.000200;0.000000;-0.000278;0.000001;-0.000001;0.000055;0.000211;0.000322;0.000568;0.000642;0.000905;0.000418
537.3;0.6942;-0.003536;-0.003957;-0.003926;-0.003800;-0.003914;-0.003875;-0.003595;-0.003322;-0.002763;-0.002347;-0.002095;-0.001905;-0.001517;-0.001256;-0.001077;-0.000828;-0.000530;-0.000687;-0.000777;-0.000371;-0.000538;-0.000476;-0.000399;-0.000233;-0.000219;0.000000;-0.000062;0.000097;0.000195;0.000308;0.000323;0.000388;0.000656;0.000758;0.001009;0.001059
541.6;0.7066;-0.003203;-0.003612;-0.003626;-0.003817;-0.004306;-0.004039;-0.003584;-0.003121;-0.002686;-0.001999;-0.001928;-0.001581;-0.001258;-0.001139;-0.000851;-0.000797;-0.000894;-0.000576;-0.000403;-0.000578;-0.000423;-0.000343;-0.000283;-0.000196;-0.000195;0.000000;-0.000002;-0.000081;0.000134;0.000163;0.000448;0.000503;0.000674;0.000786;0.001134;0.001553
545.9;0.7219;-0.003670;-0.004023;-0.004175;-0.004306;-0.004356;-0.003947;-0.003553;-0.003398;-0.003069;-0.002410;-0.002149;-0.001822;-0.001574;-0.001371;-0.001222;-0.001165;-0.000979;-0.000755;-0.000587;-0.000754;-0.000723;-0.000610;-0.000403;-0.000354;-0.000271;0.000000;-0.000142;0.000111;0.000188;0.000243;0.000240;0.000402;0.000647;0.000787;0.000928;0.000666
550.4;0.7348;-0.003479;-0.004024;-0.003945;-0.003868;-0.004110;-0.004037;-0.003709;-0.003339;-0.002678;-0.002206;-0.001893;-0.001663;-0.001293;-0.001102;-0.000848;-0.000585;-0.000512;-0.000639;-0.000658;-0.000354;-0.000646;-0.000487;-0.000343;-0.000196;-0.000154;0.000000;0.000059;0.000096;0.000268;0.000349;0.000521;0.000593;0.000738;0.000871;0.001152;0.001330
554.8;0.7479;-0.003633;-0.003989;-0.004020;-0.004224;-0.004584;-0.004127;-0.003676;-0.003189;-0.002817;-0.002059;-0.001862;-0.001452;-0.001175;-0.001029;-0.000855;-0.000850;-0.000842;-0.000636;-0.000373;-0.000668;-0.000515;-0.000395;-0.000320;-0.000186;-0.000225;0.000000;0.000024;0.000219;0.000240;0.000298;0.000579;0.000612;0.000796;0.000987;0.001217;0.001443
559.1;0.7589;-0.004150;-0.004494;-0.004539;-0.004452;-0.004495;-0.004161;-0.003773;-0.003548;-0.003042;-0.002453;-0.002038;-0.001704;-0.001508;-0.001295;-0.001122;-0.001026;-0.000794;-0.000708;-0.000736;-0.000639;-0.000660;-0.000685;-0.000451;-0.000389;-0.000207;0.000000;0.000002;0.000218;0.000277;0.000427;0.000403;0.000554;0.000755;0.000899;0.001051;0.000752
563.3;0.7697;-0.004108;-0.004560;-0.004414;-0.004366;-0.004581;-0.004425;-0.004018;-0.003482;-0.002817;-0.002181;-0.001931;-0.001580;-0.001274;-0.001123;-0.000889;-0.000699;-0.000610;-0.000611;-0.000621;-0.000449;-0.000641;-0.000489;-0.000414;-0.000232;-0.000209;0.000000;0.000052;0.000126;0.000303;0.000355;0.000564;0.000578;0.000734;0.000894;0.001149;0.001299
567.4;0.7772;-0.003966;-0.004319;-0.004340;-0.004454;-0.004662;-0.004113;-0.003728;-0.003320;-0.002869;-0.002087;-0.001863;-0.001482;-0.001263;-0.001110;-0.000978;-0.000882;-0.000815;-0.000692;-0.000514;-0.000719;-0.000585;-0.000559;-0.000426;-0.000336;-0.000228;0.000000;0.000007;0.000200;0.000296;0.000351;0.000455;0.000579;0.000695;0.000882;0.001088;0.000973
571.3;0.7823;-0.004062;-0.004480;-0.004454;-0.004335;-0.004420;-0.004167;-0.003777;-0.003424;-0.002921;-0.002329;-0.001936;-0.001571;-0.001348;-0.001161;-0.001018;-0.000846;-0.000683;-0.000701;-0.000732;-0.000522;-0.000733;-0.000663;-0.000524;-0.000398;-0.000266;0.000000;-0.000044;0.000161;0.000271;0.000358;0.000397;0.000509;0.000697;0.000748;0.000970;0.000932
575.3;0.7842;-0.003476;-0.003912;-0.003845;-0.003873;-0.004211;-0.003953;-0.003566;-0.003040;-0.002424;-0.001822;-0.001566;-0.001296;-0.000958;-0.000842;-0.000683;-0.000528;-0.000529;-0.000501;-0.000502;-0.000474;-0.000527;-0.000408;-0.000343;-0.000180;-0.000160;0.000000;0.000150;0.000189;0.000289;0.000376;0.000551;0.000581;0.000710;0.000811;0.001123;0.001284
579;0.7855;-0.003311;-0.003721;-0.003802;-0.003859;-0.004018;-0.003571;-0.003217;-0.002898;-0.002435;-0.001783;-0.001548;-0.001204;-0.000983;-0.000883;-0.000770;-0.000725;-0.000635;-0.000573;-0.000520;-0.000661;-0.000584;-0.000551;-0.000431;-0.000340;-0.000238;0.000000;0.000049;0.000249;0.000314;0.000369;0.000373;0.000452;0.000602;0.000705;0.000931;0.000750
582.4;0.7801;-0.003052;-0.003507;-0.003476;-0.003398;-0.003584;-0.003448;-0.003083;-0.002733;-0.002149;-0.001651;-0.001366;-0.001079;-0.000829;-0.000661;-0.000581;-0.000475;-0.000364;-0.000457;-0.000596;-0.000390;-0.000565;-0.000530;-0.000410;-0.000286;-0.000213;0.000000;0.000084;0.000145;0.000281;0.000312;0.000389;0.000400;0.000538;0.000622;0.000827;0.000940
586.6;0.7709;0.001184;0.000761;0.000708;0.000604;0.000148;0.000177;0.000345;0.000559;0.000786;0.001052;0.000914;0.000922;0.000921;0.000840;0.000821;0.000687;0.000482;0.000399;0.000218;0.000038;-0.000144;-0.000126;-0.000223;-0.000115;-0.000153;0.000000;-0.000010;-0.000082;0.000002;-0.000143;-0.000084;-0.000122;-0.000129;-0.000058;0.000056;0.000264
590.5;0.7571;0.001479;0.001129;0.000963;0.000731;0.000424;0.000566;0.000810;0.000861;0.000978;0.001264;0.001171;0.001126;0.001161;0.000962;0.000897;0.000708;0.000505;0.000364;0.000187;-0.000054;-0.000122;-0.000205;-0.000221;-0.000202;-0.000171;0.000000;-0.000032;0.000061;-0.000035;-0.000102;-0.000152;-0.000228;-0.000122;-0.000140;0.000045;-0.000027
594.5;0.7389;0.001672;0.001212;0.001098;0.001004;0.000715;0.000733;0.000850;0.000936;0.001171;0.001336;0.001249;0.001234;0.001139;0.001137;0.000979;0.000803;0.000589;0.000377;0.000182;0.000024;-0.000193;-0.000230;-0.000229;-0.000229;-0.000185;0.000000;-0.000004;-0.000024;-0.000021;-0.000114;-0.000146;-0.000179;-0.000146;-0.000131;-0.000039;0.000001
598.9;0.7177;0.001744;0.001293;0.001232;0.001078;0.000645;0.000738;0.000947;0.001131;0.001311;0.001577;0.001395;0.001413;0.001350;0.001170;0.001074;0.000870;0.000653;0.000450;0.000277;-0.000013;-0.000167;-0.000171;-0.000189;-0.000196;-0.000154;0.000000;-0.000038;0.000037;-0.000001;-0.000092;-0.000073;-0.000169;-0.000170;-0.000107;0.000042;0.000168
603.5;0.7041;0.001700;0.001271;0.001092;0.000943;0.000642;0.000792;0.000960;0.001033;0.001178;0.001422;0.001353;0.001307;0.001219;0.001119;0.000969;0.000749;0.000559;0.000269;0.000056;-0.000113;-0.000263;-0.000355;-0.000339;-0.000329;-0.000277;0.000000;-0.000069;0.000027;-0.000026;-0.000093;-0.000173;-0.000246;-0.000141;-0.000176;-0.000018;-0.000120
607.8;0.6987;0.001709;0.001215;0.001131;0.001059;0.000689;0.000716;0.000857;0.001012;0.001277;0.001449;0.001363;0.001373;0.001288;0.001184;0.001068;0.000854;0.000628;0.000395;0.000156;0.000013;-0.000265;-0.000251;-0.000274;-0.000274;-0.000183;0.000000;0.000039;0.000024;0.000028;-0.000038;-0.000100;-0.000092;-0.000080;-0.000091;-0.000003;0.000108
612.5;0.701;0.001607;0.001152;0.001067;0.000931;0.000564;0.000731;0.000896;0.001068;0.001274;0.001529;0.001423;0.001401;0.001350;0.001154;0.001076;0.000824;0.000614;0.000406;0.000158;-0.000054;-0.000218;-0.000264;-0.000257;-0.000217;-0.000178;0.000000;0.000027;0.000118;0.000088;0.000011;-0.000032;-0.000089;-0.000060;-0.000020;0.000078;0.000094
616.9;0.7042;0.001496;0.000937;0.000819;0.000726;0.000439;0.000572;0.000742;0.000898;0.001113;0.001366;0.001257;0.001265;0.001199;0.001076;0.000914;0.000766;0.000546;0.000314;0.000097;-0.000085;-0.000259;-0.000313;-0.000334;-0.000308;-0.000223;0.000000;0.000065;0.000139;0.000081;0.000053;-0.000007;-0.000039;-0.000043;-0.000028;0.000088;-0.000039
621.2;0.7058;0.001397;0.000858;0.000802;0.000718;0.000332;0.000415;0.000598;0.000786;0.001046;0.001277;0.001194;0.001153;0.001120;0.000981;0.000882;0.000715;0.000485;0.000290;0.000030;-0.000153;-0.000316;-0.000383;-0.000367;-0.000308;-0.000227;0.000000;0.000084;0.000117;0.000137;0.000062;0.000044;-0.000025;-0.000028;-0.000007;0.000091;0.000147
625.7;0.7093;0.001210;0.000745;0.000643;0.000541;0.000255;0.000437;0.000632;0.000756;0.000994;0.001270;0.001158;0.001166;0.001168;0.000970;0.000895;0.000702;0.000443;0.000267;0.000011;-0.000178;-0.000333;-0.000416;-0.000357;-0.000324;-0.000220;0.000000;0.000029;0.000135;0.000136;0.000080;0.000029;-0.000050;-0.000040;-0.000021;0.000102;0.000178
629.9;0.7126;0.001177;0.000693;0.000594;0.000499;0.000177;0.000296;0.000466;0.000700;0.000942;0.001211;0.001155;0.001144;0.001131;0.000996;0.000893;0.000692;0.000469;0.000221;0.000021;-0.000172;-0.000376;-0.000384;-0.000346;-0.000306;-0.000213;0.000000;0.000120;0.000169;0.000193;0.000177;0.000109;0.000066;0.000032;0.000054;0.000194;0.000247
634.2;0.7141;0.000944;0.000483;0.000380;0.000279;-0.000061;0.000106;0.000302;0.000545;0.000810;0.001115;0.001038;0.001063;0.001040;0.000899;0.000759;0.000534;0.000383;0.000153;-0.000064;-0.000280;-0.000412;-0.000409;-0.000384;-0.000355;-0.000247;0.000000;0.000112;0.000185;0.000167;0.000126;0.000107;0.000023;0.000050;0.000022;0.000193;0.000029
638.5;0.7135;0.000852;0.000328;0.000216;0.000130;-0.000137;-0.000020;0.000201;0.000404;0.000698;0.000976;0.000954;0.001018;0.000933;0.000859;0.000712;0.000542;0.000334;0.000085;-0.000146;-0.000287;-0.000448;-0.000483;-0.000443;-0.000408;-0.000288;0.000000;0.000088;0.000147;0.000211;0.000136;0.000111;0.000034;0.000064;0.000015;0.000184;0.000339
643;0.7124;0.000633;0.000098;0.000078;-0.000003;-0.000305;-0.000130;0.000151;0.000378;0.000647;0.000939;0.000930;0.000928;0.000885;0.000789;0.000687;0.000494;0.000309;0.000051;-0.000112;-0.000364;-0.000433;-0.000475;-0.000470;-0.000394;-0.000299;0.000000;0.000085;0.000187;0.000195;0.000137;0.000124;0.000017;0.000045;0.000048;0.000217;0.000158
647.3;0.7085;0.000673;0.000199;0.000116;0.000098;-0.000182;-0.000012;0.000212;0.000435;0.000676;0.000979;0.000928;0.000956;0.000889;0.000785;0.000712;0.000541;0.000337;0.000073;-0.000174;-0.000308;-0.000467;-0.000467;-0.000466;-0.000382;-0.000253;0.000000;0.000157;0.000245;0.000264;0.000222;0.000252;0.000110;0.000129;0.000094;0.000223;0.000261
651.9;0.6988;0.000583;0.000063;0.000026;-0.000042;-0.000394;-0.000275;-0.000043;0.000278;0.000595;0.000884;0.000856;0.000917;0.000839;0.000710;0.000643;0.000483;0.000247;0.000022;-0.000183;-0.000294;-0.000504;-0.000459;-0.000425;-0.000367;-0.000253;0.000000;0.000204;0.000255;0.000278;0.000212;0.000250;0.000091;0.000105;0.000130;0.000281;0.000507
656.3;0.6876;0.000622;0.000151;0.000034;-0.000036;-0.000313;-0.000081;0.000170;0.000430;0.000698;0.000968;0.000921;0.000994;0.000923;0.000811;0.000674;0.000503;0.000335;0.000036;-0.000127;-0.000319;-0.000417;-0.000414;-0.000456;-0.000357;-0.000230;0.000000;0.000214;0.000336;0.000368;0.000330;0.000298;0.000211;0.000203;0.000196;0.000344;0.000208
661.1;0.6783;0.000544;-0.000035;-0.000134;-0.000163;-0.000373;-0.000286;-0.000051;0.000209;0.000504;0.000739;0.000776;0.000827;0.000747;0.000629;0.000541;0.000463;0.000208;-0.000056;-0.000281;-0.000372;-0.000573;-0.000564;-0.000516;-0.000463;-0.000286;0.000000;0.000146;0.000248;0.000230;0.000217;0.000238;0.000141;0.000151;0.000131;0.000250;0.000391
665.7;0.6731;0.000502;0.000016;-0.000011;-0.000075;-0.000459;-0.000307;-0.000028;0.000340;0.000635;0.000891;0.000863;0.000905;0.000846;0.000711;0.000642;0.000485;0.000219;0.000035;-0.000211;-0.000361;-0.000499;-0.000515;-0.000462;-0.000353;-0.000293;0.000000;0.000210;0.000266;0.000335;0.000278;0.000303;0.000175;0.000159;0.000152;0.000295;0.000402
670;0.6724;0.000263;-0.000190;-0.000314;-0.000375;-0.000584;-0.000263;-0.000047;0.000229;0.000462;0.000744;0.000721;0.000766;0.000726;0.000573;0.000523;0.000360;0.000134;-0.000055;-0.000309;-0.000494;-0.000603;-0.000599;-0.000565;-0.000475;-0.000345;0.000000;0.000121;0.000336;0.000286;0.000262;0.000217;0.000100;0.000087;0.000072;0.000167;0.000036
674.2;0.6674;0.000400;-0.000172;-0.000189;-0.000121;-0.000402;-0.000395;-0.000154;0.000169;0.000530;0.000756;0.000761;0.000819;0.000775;0.000769;0.000648;0.000518;0.000194;-0.000090;-0.000362;-0.000365;-0.000587;-0.000589;-0.000582;-0.000507;-0.000332;0.000000;0.000190;0.000201;0.000274;0.000210;0.000229;0.000124;0.000072;0.000074;0.000119;0.000300
678.8;0.66;0.000303;-0.000021;-0.000060;-0.000184;-0.000490;-0.000242;0.000122;0.000416;0.000721;0.001021;0.000932;0.000979;0.001028;0.000826;0.000774;0.000534;0.000352;0.000120;-0.000149;-0.000380;-0.000420;-0.000467;-0.000405;-0.000304;-0.000252;0.000000;0.000206;0.000325;0.000354;0.000267;0.000250;0.000047;0.000107;0.000018;0.000174;0.000242
683;0.6467;0.000318;-0.000133;-0.000221;-0.000220;-0.000321;-0.000116;0.000092;0.000287;0.000582;0.000793;0.000862;0.000859;0.000823;0.000841;0.000624;0.000575;0.000304;-0.000088;-0.000313;-0.000435;-0.000638;-0.000648;-0.000571;-0.000537;-0.000322;0.000000;0.000120;0.000328;0.000247;0.000211;0.000141;0.000001;-0.000036;-0.000082;-0.000087;-0.000181
687.3;0.6242;0.000302;-0.000049;0.000037;0.000097;-0.000248;-0.000228;0.000083;0.000465;0.000876;0.001092;0.001127;0.001171;0.001102;0.001082;0.000950;0.000770;0.000496;0.000117;-0.000134;-0.000208;-0.000436;-0.000375;-0.000405;-0.000382;-0.000243;0.000000;0.000313;0.000233;0.000274;0.000123;0.000226;0.000011;-0.000028;-0.000109;-0.000023;0.000086
691.5;0.5917;0.000327;0.000138;0.000077;-0.000002;-0.000310;0.000054;0.000384;0.000716;0.000940;0.001286;0.001184;0.001197;0.001214;0.001124;0.000985;0.000680;0.000433;0.000208;0.000014;-0.000365;-0.000335;-0.000466;-0.000440;-0.000375;-0.000336;0.000000;0.000111;0.000332;0.000313;0.000217;0.000166;-0.000103;-0.000160;-0.000223;-0.000176;-0.000153
695.5;0.547;0.000330;-0.000015;0.000001;0.000098;0.000012;0.000103;0.000334;0.000615;0.000951;0.001092;0.001209;0.001183;0.001086;0.001083;0.000927;0.000878;0.000512;0.000081;-0.000258;-0.000275;-0.000607;-0.000586;-0.000608;-0.000500;-0.000391;0.000000;0.000124;0.000133;0.000142;-0.000004;-0.000029;-0.000199;-0.000254;-0.000403;-0.000300;-0.000411
699.6;0.4884;0.000811;0.000504;0.000611;0.000593;0.000190;0.000228;0.000601;0.001056;0.001403;0.001604;0.001527;0.001676;0.001554;0.001466;0.001416;0.001032;0.000654;0.000406;0.000089;-0.000125;-0.000296;-0.000332;-0.000360;-0.000309;-0.000214;0.000000;0.000243;0.000195;0.000291;0.000035;0.000128;-0.000109;-0.000228;-0.000249;-0.000240;0.000090
703.6;0.4133;0.000599;0.000438;0.000353;0.000223;0.000105;0.000553;0.000820;0.001028;0.001208;0.001537;0.001492;0.001518;0.001483;0.001324;0.001169;0.000948;0.000624;0.000339;0.000072;-0.000318;-0.000356;-0.000425;-0.000482;-0.000429;-0.000337;0.000000;-0.000040;0.000307;0.000144;0.000099;-0.000160;-0.000358;-0.000428;-0.000498;-0.000544;-0.000608
707.9;0.3142;0.001082;0.000580;0.000618;0.000792;0.000538;0.000471;0.000718;0.001063;0.001378;0.001538;0.001539;0.001567;0.001575;0.001551;0.001339;0.001210;0.000750;0.000417;0.000026;-0.000059;-0.000461;-0.000539;-0.000543;-0.000412;-0.000378;0.000000;0.000072;0.000124;0.000081;-0.000009;-0.000046;-0.000261;-0.000312;-0.000534;-0.000477;-0.000509
712.1;0.1919;0.000745;0.000618;0.000719;0.000629;0.000267;0.000467;0.000876;0.001351;0.001609;0.001944;0.001782;0.001809;0.001824;0.001740;0.001554;0.001203;0.000793;0.000698;0.000295;0.000004;-0.000173;-0.000297;-0.000306;-0.000327;-0.000204;0.000000;0.000257;0.000197;0.000260;0.000077;-0.000082;-0.000290;-0.000433;-0.000556;-0.000539;-0.000263
715.8;0.0401;0.000879;0.000684;0.000529;0.000486;0.000493;0.000839;0.001020;0.001220;0.001476;0.001709;0.001622;0.001747;0.001766;0.001495;0.001347;0.001157;0.000779;0.000352;0.000174;-0.000119;-0.000473;-0.000454;-0.000647;-0.000337;-0.000352;0.000000;0.000025;0.000364;0.000169;-0.000020;-0.000095;-0.000415;-0.000493;-0.000615;-0.000717;-0.000943
720;-0.1494;0.000953;0.000646;0.000756;0.000926;0.000640;0.000467;0.000852;0.001202;0.001645;0.001817;0.001799;0.001746;0.001705;0.001798;0.001606;0.001315;0.000815;0.000443;0.000077;-0.000018;-0.000326;-0.000517;-0.000470;-0.000515;-0.000369;0.000000;0.000091;-0.000054;0.000040;-0.000171;-0.000141;-0.000435;-0.000601;-0.000817;-0.000682;-0.000625
723.7;-0.3731;0.001008;0.001007;0.001025;0.000933;0.000636;0.000967;0.001399;0.001679;0.001865;0.002266;0.001953;0.002044;0.002215;0.001936;0.001727;0.001254;0.001000;0.000839;0.000519;-0.000131;-0.000188;-0.000348;-0.000380;-0.000308;-0.000381;0.000000;0.000106;0.000282;0.000194;0.000054;-0.000170;-0.000432;-0.000599;-0.000733;-0.000748;-0.000578
727.6;-0.6279;0.000999;0.000782;0.000746;0.000895;0.000882;0.001110;0.001340;0.001477;0.001864;0.001995;0.001939;0.001856;0.001947;0.001863;0.001512;0.001440;0.001032;0.000543;0.000058;-0.000120;-0.000550;-0.000463;-0.000526;-0.000531;-0.000466;0.000000;0.000020;0.000171;0.000079;-0.000026;-0.000189;-0.000557;-0.000676;-0.000944;-0.000950;-0.000685
731.8;-0.888;0.001518;0.001360;0.001427;0.001453;0.001096;0.000960;0.001441;0.001835;0.002219;0.002515;0.002277;0.002259;0.002231;0.002237;0.002112;0.001652;0.001039;0.000772;0.000307;0.000032;-0.000328;-0.000439;-0.000315;-0.000346;-0.000300;0.000000;0.000222;0.000092;0.000086;-0.000285;-0.000167;-0.000535;-0.000729;-0.000872;-0.000818;-0.000809
735.3;-1.1185;0.001687;0.001619;0.001481;0.001375;0.001197;0.001705;0.002012;0.002213;0.002332;0.002649;0.002318;0.002350;0.002471;0.002286;0.002052;0.001512;0.001154;0.000921;0.000568;-0.000157;-0.000246;-0.000246;-0.000358;-0.000432;-0.000469;0.000000;0.000095;0.000468;0.000102;0.000023;-0.000251;-0.000543;-0.000617;-0.000846;-0.000860;-0.000872
739.4;-1.2951;0.001158;0.000996;0.001078;0.001373;0.001186;0.001107;0.001432;0.001739;0.002135;0.002285;0.002109;0.002153;0.002280;0.002096;0.001900;0.001592;0.001072;0.000567;0.000121;0.000031;-0.000612;-0.000613;-0.000516;-0.000529;-0.000442;0.000000;0.000008;0.000087;-0.000077;-0.000383;-0.000301;-0.000685;-0.000835;-0.001181;-0.001152;-0.001748
